Fence,,
Test Tube,,
plastic bag,,
SnapBack,Baseball cap,
Fishing Rod,,
Crutch,,
shirt,button down,
car,,
Glue Gun,,
Window,,
Arrow,,
spray bottle,,
shower,,
tablet,iPad,
cigerette,,
knitting needle,,
needle,sewing needle,
spool,,
caribiner,,
gun,revolver,
rocket,missile,
fireworks,,
wood,lumber,
roller blade,roller skate,
whistle,,
trumpet,,
teddy bear,stuffed animal,
shield,,
life saver,,
church,,
stethoscope,,
menorah,,
harp,,
rattle,,
shovel,,
pin wheel,,
dart,,
top,dreidel,
bone,,
jax,Bouncin Ball,
gloves,,
leaf,leaves,
barrel,,
cassette tape,,
CD player,,
Record Player,,
thumb tac,push pin,
,,
measuring cup,,
shell,sea shell,
motor cycle,,
cone,traffic cone,
band aid,,
tire pump,,
hour glass,,
pencil sharpener,,
fan,,
magazine,,
golfing clubs,,
racket,tennis racket,
tampon,,
whisk,,
,,
train,,
,,
syringe,,
swing set,swing,
hanger,,
bathing suit,,
crown,,
hair dryer,blower,
rubix cube,,
post it,sticky note,
tooth,,
horse shoe,,
microwave,,
,,
perfume,,
wind mill,,
light house,,
garbage can,,
gas nozzle,,
magmet,,
soap,,
puzzle piece,,
eraser,,
yarn,string,
bell,,
weight,dumbell,
,,
ferris wheel,,
thumb drive,flash drive,usb
vaccuum,,
clutch,hand bag,makeupbag
bottle opener,,
anchor,,
stop sign,,
sewing machine,,
baseball,ball,
baseball bat,bat,
starfish,,
q tips,cotton swabs,
birdie,,
drill,nail gun,power drill
sword,,
helicopter,,
horn,air horn,
lego,mega blocks,
coffin,mummy,
safe,,
hookah,water pipe,
blender,,
,,
mask,,
domino,,
space ship,UFO,
wheel chair,,
grill,,
shopping cart,,
cactus,,
trophy,,
tooth paste,,
hair straightener,hair curler,
telescope,,
caribiner,,
tweezers,,